{"Men with Brooms": [[0.39649999999999996, "Kingpin"], [0.41000000000000003, "Ice Princess"], [0.848, "Yes Man"], [1.0125, "The Ice Storm"], [1.023, "Obvious Child"], [1.0661666666666667, "Underdogs"], [1.069, "Before Midnight"], [1.0826666666666667, "Wanderlust"], [1.0975, "Crocodile Dundee II"], [1.1260714285714286, "Vampires Suck"]], "Boom Town": [[1.21, "Before Midnight"], [1.21, "Life of Pi"], [1.23, "The Butterfly Effect"], [1.24, "Mulan"], [1.25, "Red Dog"], [1.25, "The Ice Storm"], [1.25, "We Need to Talk About Kevin"], [1.27, "Mongol: The Rise of Genghis Khan"], [1.27, "The Road"], [1.27, "Videodrome"]], "Vampires Suck": [[-0.0525, "Vampires Suck"], [0.8393571428571428, "Kingpin"], [0.8937777777777779, "Wanderlust"], [1.0265714285714285, "Yes Man"], [1.148, "Obvious Child"], [1.1525, "The Faculty"], [1.2385714285714287, "Ice Princess"], [1.2508333333333335, "Crocodile Dundee II"], [1.27, "Mongol: The Rise of Genghis Khan"], [1.4453888888888888, "Before Midnight"]]}